{"2": {"1": [15.066750049591064, 0.9672393128246105, 0.9815126050420168, 0.9511400651465798, 0.03276068717538953], "2": [2.674800157546997, 0.9692369157011587, 0.9823973176865046, 0.9543973941368078, 0.03076308429884139], "3": [3.6147119998931885, 0.9708349980023971, 0.9832635983263598, 0.9568403908794788, 0.029165001997602878], "4": [3.15299654006958, 0.9732321214542549, 0.9857740585774059, 0.9592833876221498, 0.026767878545745107], "5": [2.593780517578125, 0.9764282860567319, 0.9866777685262281, 0.9649837133550488, 0.02357171394326808], "6": [2.6047780513763428, 0.9772273272073512, 0.9866999168744804, 0.9666123778501629, 0.022772672792648822], "7": [2.5215940475463867, 0.9780263683579704, 0.9867219917012449, 0.9682410423452769, 0.021973631642029565], "8": [3.2964072227478027, 0.9788254095085897, 0.9883624272651704, 0.9682410423452769, 0.02117459049141031], "9": [3.404031753540039, 0.9800239712345186, 0.988391376451078, 0.9706840390879479, 0.01997602876548142], "10": [2.5331830978393555, 0.9812225329604475, 0.9900414937759336, 0.9714983713355049, 0.018777467039552537], "11": [2.4977197647094727, 0.981622053535757, 0.9900497512437811, 0.9723127035830619, 0.018377946464242907], "12": [2.4886796474456787, 0.9832201358369956, 0.9908940397350994, 0.9747557003257329, 0.016779864163004393], "13": [2.662806987762451, 0.9852177387135438, 0.9917423616845582, 0.9780130293159609, 0.014782261286456252], "14": [3.4842958450317383, 0.9864163004394726, 0.9925742574257426, 0.9796416938110749, 0.013583699560527367], "15": [2.5111186504364014, 0.9868158210147823, 0.9925803792250618, 0.9804560260586319, 0.013184178985217739], "16": [2.5254557132720947, 0.9876148621654015, 0.9925925925925926, 0.9820846905537459, 0.012385137834598482], "17": [2.435741662979126, 0.9884139033160207, 0.9926047658175843, 0.9837133550488599, 0.011586096683979225], "18": [2.4910101890563965, 0.9916100679184978, 0.9942669942669943, 0.988599348534202, 0.008389932081502197], "19": [3.4996700286865234, 0.9924091090691171, 0.9942763695829926, 0.990228013029316, 0.0075908909308829405], "20": [2.8442938327789307, 0.9932081502197363, 0.9950940310711366, 0.991042345276873, 0.0067918497802636835], "21": [2.526130199432373, 0.993607670795046, 0.9950980392156863, 0.99185667752443, 0.006392329204954055], "22": [3.3988137245178223, 0.9944067119456652, 0.9951060358890701, 0.993485342019544, 0.005593288054334798], "23": [2.519512891769409, 0.9964043148222134, 0.9975510204081632, 0.995114006514658, 0.003595685177786656], "24": [3.4864485263824463, 0.9972033559728326, 0.9983673469387755, 0.995928338762215, 0.002796644027167399], "25": [2.8775999546051025, 0.9972033559728326, 0.9983673469387755, 0.995928338762215, 0.002796644027167399], "26": [2.5663986206054688, 0.9980023971234518, 0.9983700081499592, 0.997557003257329, 0.001997602876548142], "27": [2.5918118953704834, 0.9980023971234518, 0.9983700081499592, 0.997557003257329, 0.001997602876548142], "28": [2.504535436630249, 0.9980023971234518, 0.9983700081499592, 0.997557003257329, 0.001997602876548142], "29": [4.039742946624756, 0.9984019176987615, 0.998371335504886, 0.998371335504886, 0.0015980823012385138], "30": [3.7817516326904297, 0.9992009588493808, 0.999185667752443, 0.999185667752443, 0.0007990411506192569], "31": [2.542633295059204, 0.9992009588493808, 0.999185667752443, 0.999185667752443, 0.0007990411506192569], "32": [2.5099315643310547, 0.9996004794246903, 1.0, 0.999185667752443, 0.00039952057530962844], "33": [2.495795726776123, 0.9996004794246903, 1.0, 0.999185667752443, 0.00039952057530962844], "34": [3.4477100372314453, 0.9996004794246903, 1.0, 0.999185667752443, 0.00039952057530962844], "35": [2.9897301197052, 0.9996004794246903, 1.0, 0.999185667752443, 0.00039952057530962844], "36": [2.4961578845977783, 0.9996004794246903, 1.0, 0.999185667752443, 0.00039952057530962844], "37": [2.564290761947632, 0.9996004794246903, 1.0, 0.999185667752443, 0.00039952057530962844], "38": [2.4768049716949463, 0.9996004794246903, 1.0, 0.999185667752443, 0.00039952057530962844], "39": [3.1238882541656494, 0.9996004794246903, 1.0, 0.999185667752443, 0.00039952057530962844], "40": [3.354203939437866, 0.9996004794246903, 1.0, 0.999185667752443, 0.00039952057530962844], "41": [2.4881176948547363, 0.9996004794246903, 1.0, 0.999185667752443, 0.00039952057530962844], "42": [2.477611541748047, 1.0, 1.0, 1.0, 0.0], "43": [2.4209868907928467, 1.0, 1.0, 1.0, 0.0], "44": [2.596266269683838, 1.0, 1.0, 1.0, 0.0], "45": [3.3651936054229736, 1.0, 1.0, 1.0, 0.0], "46": [2.479889154434204, 1.0, 1.0, 1.0, 0.0], "47": [2.4256787300109863, 1.0, 1.0, 1.0, 0.0], "48": [2.4408817291259766, 1.0, 1.0, 1.0, 0.0], "49": [2.5090854167938232, 1.0, 1.0, 1.0, 0.0], "50": [3.286266326904297, 1.0, 1.0, 1.0, 0.0]}, "4": {"1": [4.349850177764893, 0.9684378745505393, 0.9864521591871296, 0.9486970684039088, 0.031562125449460646], "2": [3.6891591548919678, 0.9708349980023971, 0.9865206402695872, 0.9535830618892508, 0.029165001997602878], "3": [3.782304525375366, 0.9712345185777067, 0.9873524451939292, 0.9535830618892508, 0.028765481422293248], "4": [4.702396392822266, 0.9744306831801838, 0.988255033557047, 0.9592833876221498, 0.02556931681981622], "5": [3.8774495124816895, 0.975229724330803, 0.9882747068676717, 0.9609120521172638, 0.024770275669196963], "6": [3.744319438934326, 0.9776268477826608, 0.990787269681742, 0.9633550488599348, 0.022373152217339192], "7": [3.773857355117798, 0.9800239712345186, 0.991652754590985, 0.9674267100977199, 0.01997602876548142], "8": [4.7089173793792725, 0.9804234918098282, 0.9916597164303587, 0.9682410423452769, 0.019576508190171794], "9": [3.769760847091675, 0.9820215741110667, 0.9916874480465503, 0.9714983713355049, 0.01797842588893328], "10": [3.70324969291687, 0.9836196564123052, 0.9917149958574979, 0.9747557003257329, 0.016380343587694766], "11": [4.534433364868164, 0.9852177387135438, 0.9925558312655087, 0.9771986970684039, 0.014782261286456252], "12": [3.7529163360595703, 0.986016779864163, 0.9933829611248967, 0.9780130293159609, 0.013983220135836995], "13": [3.699061870574951, 0.9868158210147823, 0.9933938893476466, 0.9796416938110749, 0.013184178985217739], "14": [3.757295846939087, 0.9884139033160207, 0.9942291838417148, 0.9820846905537459, 0.011586096683979225], "15": [4.5670154094696045, 0.9896124650419497, 0.9950576606260296, 0.9837133550488599, 0.010387534958050339], "16": [3.6820106506347656, 0.9908110267678786, 0.9967023907666942, 0.9845276872964169, 0.009188973232121454], "17": [3.629086494445801, 0.9912105473431881, 0.9975247524752475, 0.9845276872964169, 0.008789452656811825], "18": [3.9370338916778564, 0.9916100679184978, 0.9975267930750206, 0.9853420195439739, 0.008389932081502197], "19": [4.329378366470337, 0.9928086296444267, 0.9975328947368421, 0.987785016286645, 0.007191370355573312], "20": [3.7616982460021973, 0.9932081502197363, 0.9975349219391948, 0.988599348534202, 0.0067918497802636835], "21": [3.7399909496307373, 0.9944067119456652, 0.9975409836065574, 0.991042345276873, 0.005593288054334798], "22": [4.631072998046875, 0.9952057530962845, 0.997545008183306, 0.992671009771987, 0.004794246903715541], "23": [3.6911094188690186, 0.9960047942469037, 0.9975490196078431, 0.994299674267101, 0.003995205753096284], "24": [3.7366933822631836, 0.9972033559728326, 0.9991823385118561, 0.995114006514658, 0.002796644027167399], "25": [3.735808849334717, 0.9976028765481423, 0.9991830065359477, 0.995928338762215, 0.0023971234518577705], "26": [4.683460712432861, 0.9980023971234518, 0.9991836734693877, 0.996742671009772, 0.001997602876548142], "27": [3.729557752609253, 0.9980023971234518, 0.9991836734693877, 0.996742671009772, 0.001997602876548142], "28": [3.7688958644866943, 0.9984019176987615, 0.9991843393148451, 0.997557003257329, 0.0015980823012385138], "29": [4.5586159229278564, 0.9992009588493808, 0.999185667752443, 0.999185667752443, 0.0007990411506192569],