{"2": {"1": [7.48541522026062, 0.9668397922493008, 0.9743164871582436, 0.9576547231270358, 0.03316020775069916], "2": [3.3824353218078613, 0.968837395125849, 0.9752066115702479, 0.9609120521172638, 0.03116260487415102], "3": [4.94139552116394, 0.9704354774270875, 0.9768595041322314, 0.9625407166123778, 0.029564522572912505], "4": [5.172336578369141, 0.9716340391530164, 0.9777043765483072, 0.9641693811074918, 0.02836596084698362], "5": [2.5704855918884277, 0.9740311626048741, 0.9793899422918384, 0.9674267100977199, 0.02596883739512585], "6": [3.536841630935669, 0.9760287654814223, 0.9794745484400657, 0.9714983713355049, 0.023971234518577706], "7": [2.833461284637451, 0.9768278066320415, 0.9795081967213115, 0.9731270358306189, 0.02317219336795845], "8": [3.58192777633667, 0.9780263683579704, 0.9803439803439803, 0.9747557003257329, 0.021973631642029565], "9": [2.586613416671753, 0.9792249300838993, 0.9819672131147541, 0.9755700325732899, 0.020775069916100678], "10": [2.5819766521453857, 0.9804234918098282, 0.9828009828009828, 0.9771986970684039, 0.019576508190171794], "11": [2.575643301010132, 0.9812225329604475, 0.9836199836199836, 0.9780130293159609, 0.018777467039552537], "12": [2.5646519660949707, 0.9840191769876149, 0.9845024469820555, 0.9828990228013029, 0.015980823012385136], "13": [3.5332438945770264, 0.986016779864163, 0.986938775510204, 0.9845276872964169, 0.013983220135836995], "14": [2.575939893722534, 0.9868158210147823, 0.986960065199674, 0.9861563517915309, 0.013184178985217739], "15": [2.6398558616638184, 0.9872153415900919, 0.9877650897226754, 0.9861563517915309, 0.01278465840990811], "16": [2.575239658355713, 0.9876148621654015, 0.9885714285714285, 0.9861563517915309, 0.012385137834598482], "17": [2.6158480644226074, 0.98921294446664, 0.990204081632653, 0.987785016286645, 0.010787055533359968], "18": [3.5560848712921143, 0.9904115061925689, 0.9910277324632952, 0.989413680781759, 0.009588493807431082], "19": [2.7792420387268066, 0.9904115061925689, 0.9910277324632952, 0.989413680781759, 0.009588493807431082], "20": [2.7047219276428223, 0.9920095884938074, 0.99185667752443, 0.99185667752443, 0.007990411506192568], "21": [2.8793652057647705, 0.9920095884938074, 0.99185667752443, 0.99185667752443, 0.007990411506192568], "22": [2.628687858581543, 0.9920095884938074, 0.99185667752443, 0.99185667752443, 0.007990411506192568], "23": [3.517512559890747, 0.9928086296444267, 0.991869918699187, 0.993485342019544, 0.007191370355573312], "24": [2.6619555950164795, 0.9932081502197363, 0.9926769731489016, 0.993485342019544, 0.0067918497802636835], "25": [2.6347317695617676, 0.9940071913703555, 0.9934906427990235, 0.994299674267101, 0.0059928086296444265], "26": [2.6761269569396973, 0.9956052736715941, 0.9943135662063363, 0.996742671009772, 0.0043947263284059125], "27": [2.6003613471984863, 0.9956052736715941, 0.9943135662063363, 0.996742671009772, 0.0043947263284059125], "28": [3.4368631839752197, 0.9956052736715941, 0.9943135662063363, 0.996742671009772, 0.0043947263284059125], "29": [2.8745789527893066, 0.9964043148222134, 0.9959316517493898, 0.996742671009772, 0.003595685177786656], "30": [2.678342819213867, 0.9964043148222134, 0.9959316517493898, 0.996742671009772, 0.003595685177786656], "31": [2.6044912338256836, 0.9972033559728326, 0.9967453213995118, 0.997557003257329, 0.002796644027167399], "32": [2.6363840103149414, 0.9976028765481423, 0.9967479674796748, 0.998371335504886, 0.0023971234518577705], "33": [3.4731428623199463, 0.9992009588493808, 0.999185667752443, 0.999185667752443, 0.0007990411506192569], "34": [2.8765087127685547, 0.9992009588493808, 0.999185667752443, 0.999185667752443, 0.0007990411506192569], "35": [2.564131021499634, 0.9992009588493808, 0.999185667752443, 0.999185667752443, 0.0007990411506192569], "36": [2.5450069904327393, 0.9996004794246903, 1.0, 0.999185667752443, 0.00039952057530962844], "37": [2.5063936710357666, 0.9996004794246903, 1.0, 0.999185667752443, 0.00039952057530962844], "38": [3.1764237880706787, 1.0, 1.0, 1.0, 0.0], "39": [3.2444069385528564, 1.0, 1.0, 1.0, 0.0], "40": [2.4788217544555664, 1.0, 1.0, 1.0, 0.0], "41": [2.5046498775482178, 1.0, 1.0, 1.0, 0.0], "42": [2.5143988132476807, 1.0, 1.0, 1.0, 0.0], "43": [2.798579692840576, 1.0, 1.0, 1.0, 0.0], "44": [3.363858461380005, 1.0, 1.0, 1.0, 0.0], "45": [2.5207133293151855, 1.0, 1.0, 1.0, 0.0], "46": [2.5229885578155518, 1.0, 1.0, 1.0, 0.0], "47": [2.5070624351501465, 1.0, 1.0, 1.0, 0.0], "48": [2.506154775619507, 1.0, 1.0, 1.0, 0.0], "49": [3.3346920013427734, 1.0, 1.0, 1.0, 0.0], "50": [2.5056049823760986, 1.0, 1.0, 1.0, 0.0]}, "4": {"1": [3.7121775150299072, 0.9696364362764682, 0.9808013355592654, 0.9568403908794788, 0.030363563723531762], "2": [3.8022522926330566, 0.9724330803036356, 0.9825145711906744, 0.9609120521172638, 0.027566919696364364], "3": [4.737853765487671, 0.975229724330803, 0.9850249584026622, 0.9641693811074918, 0.024770275669196963], "4": [3.7247800827026367, 0.9760287654814223, 0.9850498338870431, 0.9657980456026058, 0.023971234518577706], "5": [3.7136476039886475, 0.9764282860567319, 0.9850622406639005, 0.9666123778501629, 0.02357171394326808], "6": [3.764920234680176, 0.9780263683579704, 0.9851116625310173, 0.9698697068403909, 0.021973631642029565], "7": [4.651494026184082, 0.9792249300838993, 0.9851485148514851, 0.9723127035830619, 0.020775069916100678], "8": [3.737797260284424, 0.979624450659209, 0.9851607584501236, 0.9731270358306189, 0.02037554934079105], "9": [3.742330312728882, 0.9804234918098282, 0.9851851851851852, 0.9747557003257329, 0.019576508190171794], "10": [4.227709770202637, 0.9824210946863764, 0.9868421052631579, 0.9771986970684039, 0.01757890531362365], "11": [4.2183427810668945, 0.9836196564123052, 0.9868744872846595, 0.9796416938110749, 0.016380343587694766], "12": [3.8943448066711426, 0.9848182181382341, 0.9877049180327869, 0.9812703583061889, 0.015181781861765881], "13": [3.9731857776641846, 0.9852177387135438, 0.9877149877149877, 0.9820846905537459, 0.014782261286456252], "14": [4.63947606086731, 0.9864163004394726, 0.989344262295082, 0.9828990228013029, 0.013583699560527367], "15": [3.7704126834869385, 0.9876148621654015, 0.9901719901719902, 0.9845276872964169, 0.012385137834598482], "16": [3.744403123855591, 0.9888134238913304, 0.9909983633387889, 0.9861563517915309, 0.011186576108669596], "17": [3.9687576293945312, 0.98921294446664, 0.9918099918099919, 0.9861563517915309, 0.010787055533359968], "18": [4.413114786148071, 0.9904115061925689, 0.9918300653594772, 0.988599348534202, 0.009588493807431082], "19": [3.781294584274292, 0.9908110267678786, 0.9918367346938776, 0.989413680781759, 0.009188973232121454], "20": [3.8028743267059326, 0.9912105473431881, 0.9918433931484503, 0.990228013029316, 0.008789452656811825], "21": [4.73588752746582, 0.9932081502197363, 0.993480032599837, 0.992671009771987, 0.0067918497802636835], "22": [3.6793172359466553, 0.9940071913703555, 0.9934906427990235, 0.994299674267101, 0.0059928086296444265], "23": [3.736752986907959, 0.9948062325209748, 0.9951100244498777, 0.994299674267101, 0.0051937674790251695], "24": [3.71686053276062, 0.9952057530962845, 0.995114006514658, 0.995114006514658, 0.004794246903715541], "25": [4.650554895401001, 0.9956052736715941, 0.9951179820992677, 0.995928338762215, 0.0043947263284059125], "26": [3.8485283851623535, 0.9956052736715941, 0.9951179820992677, 0.995928338762215, 0.0043947263284059125], "27": [3.6237399578094482, 0.9956052736715941, 0.9951179820992677, 0.995928338762215, 0.0043947263284059125], "28": [4.390299081802368, 0.9960047942469037, 0.9951219512195122, 0.996742671009772, 0.003995205753096284], "29": [3.907686471939087, 0.9968038353975229, 0.996742671009772, 0.996742671009772, 0.0031961646024770275], "30": [3.6851677894592285, 0.9968038353975229, 0.996742671009772, 0.996742671009772, 0.0031961646024770275], "31": [3.7182796001434326, 0.9972033559728326, 0.9975550122249389, 0.996742671009772, 0.002796644027167399],