{"2": {"1": [23.755599975585938, 0.9700359568517779, 0.9698451507742462, 0.9690553745928339, 0.02996404314822213], "2": [5.835859298706055, 0.9712345185777067, 0.9706840390879479, 0.9706840390879479, 0.028765481422293248], "3": [4.966825008392334, 0.9712345185777067, 0.9706840390879479, 0.9706840390879479, 0.028765481422293248], "4": [2.530367374420166, 0.9716340391530164, 0.9714751426242869, 0.9706840390879479, 0.02836596084698362], "5": [2.554765462875366, 0.9732321214542549, 0.9723352318958502, 0.9731270358306189, 0.026767878545745107], "6": [3.0798051357269287, 0.9732321214542549, 0.9723352318958502, 0.9731270358306189, 0.026767878545745107], "7": [3.34283447265625, 0.9744306831801838, 0.973170731707317, 0.9747557003257329, 0.02556931681981622], "8": [2.5364935398101807, 0.9756292449061127, 0.9732360097323601, 0.9771986970684039, 0.024370755093887336], "9": [2.547304391860962, 0.9784258889332801, 0.9726247987117552, 0.9837133550488599, 0.021574111066719935], "10": [2.5650322437286377, 0.979624450659209, 0.9734513274336283, 0.9853420195439739, 0.02037554934079105], "11": [2.937553644180298, 0.9792249300838993, 0.9726688102893891, 0.9853420195439739, 0.020775069916100678], "12": [3.503098726272583, 0.981622053535757, 0.97508038585209, 0.987785016286645, 0.018377946464242907], "13": [2.5282142162323, 0.9824210946863764, 0.9766505636070854, 0.987785016286645, 0.01757890531362365], "14": [2.5514004230499268, 0.9840191769876149, 0.9790322580645161, 0.988599348534202, 0.015980823012385136], "15": [2.545177459716797, 0.9856172592888534, 0.9790996784565916, 0.99185667752443, 0.014382740711146624], "16": [2.811447858810425, 0.9872153415900919, 0.9791666666666666, 0.995114006514658, 0.01278465840990811], "17": [3.5586819648742676, 0.9888134238913304, 0.9815409309791332, 0.995928338762215, 0.011186576108669596], "18": [2.5898733139038086, 0.9896124650419497, 0.9831189710610932, 0.995928338762215, 0.010387534958050339], "19": [2.5433669090270996, 0.9904115061925689, 0.9847020933977456, 0.995928338762215, 0.009588493807431082], "20": [2.539839029312134, 0.9908110267678786, 0.9854955680902499, 0.995928338762215, 0.009188973232121454], "21": [2.6065080165863037, 0.9908110267678786, 0.9854955680902499, 0.995928338762215, 0.009188973232121454], "22": [3.5742900371551514, 0.9916100679184978, 0.9870863599677159, 0.995928338762215, 0.008389932081502197], "23": [2.5748703479766846, 0.9916100679184978, 0.9870863599677159, 0.995928338762215, 0.008389932081502197], "24": [2.6001501083374023, 0.9920095884938074, 0.9870967741935484, 0.996742671009772, 0.007990411506192568], "25": [2.5874128341674805, 0.9924091090691171, 0.9878934624697336, 0.996742671009772, 0.0075908909308829405], "26": [2.5788848400115967, 0.9928086296444267, 0.9886914378029079, 0.996742671009772, 0.007191370355573312], "27": [3.5403225421905518, 0.9944067119456652, 0.9903069466882067, 0.998371335504886, 0.005593288054334798], "28": [2.544597625732422, 0.9944067119456652, 0.9903069466882067, 0.998371335504886, 0.005593288054334798], "29": [2.5079641342163086, 0.9944067119456652, 0.9903069466882067, 0.998371335504886, 0.005593288054334798], "30": [2.583397388458252, 0.9944067119456652, 0.989516129032258, 0.999185667752443, 0.005593288054334798], "31": [2.563394546508789, 0.9944067119456652, 0.989516129032258, 0.999185667752443, 0.005593288054334798], "32": [3.494581460952759, 0.9952057530962845, 0.9911147011308562, 0.999185667752443, 0.004794246903715541], "33": [2.6958699226379395, 0.9960047942469037, 0.9927184466019418, 0.999185667752443, 0.003995205753096284], "34": [2.5327892303466797, 0.9960047942469037, 0.9927184466019418, 0.999185667752443, 0.003995205753096284], "35": [2.560502290725708, 0.9968038353975229, 0.9935275080906149, 1.0, 0.0031961646024770275], "36": [2.537112236022949, 0.9968038353975229, 0.9935275080906149, 1.0, 0.0031961646024770275], "37": [3.478576421737671, 0.9968038353975229, 0.9935275080906149, 1.0, 0.0031961646024770275], "38": [2.9082791805267334, 0.9968038353975229, 0.9935275080906149, 1.0, 0.0031961646024770275], "39": [2.481663465499878, 0.9968038353975229, 0.9935275080906149, 1.0, 0.0031961646024770275], "40": [2.529536724090576, 0.9976028765481423, 0.9951377633711507, 1.0, 0.0023971234518577705], "41": [3.0348498821258545, 0.9980023971234518, 0.9959448499594485, 1.0, 0.001997602876548142], "42": [3.6406869888305664, 0.9984019176987615, 0.9967532467532467, 1.0, 0.0015980823012385138], "43": [3.046935796737671, 0.9988014382740711, 0.9975629569455727, 1.0, 0.0011985617259288853], "44": [2.478126287460327, 0.9988014382740711, 0.9975629569455727, 1.0, 0.0011985617259288853], "45": [2.4976203441619873, 0.9992009588493808, 0.9983739837398374, 1.0, 0.0007990411506192569], "46": [2.4241721630096436, 0.9992009588493808, 0.9983739837398374, 1.0, 0.0007990411506192569], "47": [2.882866859436035, 0.9992009588493808, 0.9983739837398374, 1.0, 0.0007990411506192569], "48": [3.400562286376953, 0.9996004794246903, 0.9991863303498779, 1.0, 0.00039952057530962844], "49": [2.427055597305298, 1.0, 1.0, 1.0, 0.0], "50": [3.07991361618042, 1.0, 1.0, 1.0, 0.0]}, "4": {"1": [3.5820834636688232, 0.9712345185777067, 0.975328947368421, 0.9657980456026058, 0.028765481422293248], "2": [4.617626428604126, 0.9732321214542549, 0.9769926047658176, 0.9682410423452769, 0.026767878545745107], "3": [3.5844922065734863, 0.9748302037554935, 0.977850697292863, 0.9706840390879479, 0.025169796244506593], "4": [3.560441017150879, 0.9764282860567319, 0.9787059787059788, 0.9731270358306189, 0.02357171394326808], "5": [3.5900821685791016, 0.9776268477826608, 0.9795417348608838, 0.9747557003257329, 0.022373152217339192], "6": [4.589032411575317, 0.9804234918098282, 0.980440097799511, 0.9796416938110749, 0.019576508190171794], "7": [3.594132900238037, 0.9820215741110667, 0.9805036555645816, 0.9828990228013029, 0.01797842588893328], "8": [3.601771116256714, 0.982820615261686, 0.9805352798053528, 0.9845276872964169, 0.017179384738314023], "9": [3.913809299468994, 0.9848182181382341, 0.9813915857605178, 0.987785016286645, 0.015181781861765881], "10": [4.190125942230225, 0.986016779864163, 0.982995951417004, 0.988599348534202, 0.013983220135836995], "11": [3.672008514404297, 0.9872153415900919, 0.9838187702265372, 0.990228013029316, 0.01278465840990811], "12": [3.5952036380767822, 0.9880143827407112, 0.9854132901134521, 0.990228013029316, 0.011985617259288853], "13": [4.581618309020996, 0.9888134238913304, 0.9854368932038835, 0.99185667752443, 0.011186576108669596], "14": [3.560516834259033, 0.98921294446664, 0.9854486661277284, 0.992671009771987, 0.010787055533359968], "15": [3.59370493888855, 0.9904115061925689, 0.9854838709677419, 0.995114006514658, 0.009588493807431082], "16": [3.606308937072754, 0.9912105473431881, 0.9870759289176091, 0.995114006514658, 0.008789452656811825], "17": [7.529348134994507, 0.9912105473431881, 0.9870759289176091, 0.995114006514658, 0.008789452656811825], "18": [6.292182207107544, 0.9912105473431881, 0.9870759289176091, 0.995114006514658, 0.008789452656811825], "19": [7.691884756088257, 0.9912105473431881, 0.9870759289176091, 0.995114006514658, 0.008789452656811825], "20": [5.7122228145599365, 0.9920095884938074, 0.9878836833602584, 0.995928338762215, 0.007990411506192568], "21": [7.553820371627808, 0.9928086296444267, 0.9894822006472492, 0.995928338762215, 0.007191370355573312], "22": [5.068273067474365, 0.9928086296444267, 0.9894822006472492, 0.995928338762215, 0.007191370355573312], "23": [4.34726095199585, 0.9928086296444267, 0.9894822006472492, 0.995928338762215, 0.007191370355573312], "24": [6.338584899902344, 0.993607670795046, 0.9910858995137763, 0.995928338762215, 0.006392329204954055], "25": [3.563922643661499, 0.9940071913703555, 0.9910931174089069, 0.996742671009772, 0.0059928086296444265], "26": [3.560760974884033, 0.9940071913703555, 0.9910931174089069, 0.996742671009772, 0.0059928086296444265],