{"2": {"1": [7.6674957275390625, 0.9680383539752297, 0.9897610921501706, 0.9446254071661238, 0.03196164602477027], "2": [5.067894220352173, 0.9700359568517779, 0.989804587935429, 0.9486970684039088, 0.02996404314822213], "3": [4.765876293182373, 0.9716340391530164, 0.9898391193903472, 0.9519543973941368, 0.02836596084698362], "4": [7.6271421909332275, 0.9720335597283261, 0.9898477157360406, 0.9527687296416938, 0.02796644027167399], "5": [4.822207450866699, 0.9740311626048741, 0.9907172995780591, 0.9560260586319218, 0.02596883739512585], "6": [4.881601333618164, 0.9756292449061127, 0.991575400168492, 0.9584690553745928, 0.024370755093887336], "7": [5.268466234207153, 0.9768278066320415, 0.9915966386554622, 0.9609120521172638, 0.02317219336795845], "8": [2.616318702697754, 0.9784258889332801, 0.9932773109243698, 0.9625407166123778, 0.021574111066719935], "9": [2.584871530532837, 0.979624450659209, 0.9941225860621327, 0.9641693811074918, 0.02037554934079105], "10": [2.515251874923706, 0.9804234918098282, 0.9949622166246851, 0.9649837133550488, 0.019576508190171794], "11": [3.184802770614624, 0.9820215741110667, 0.994979079497908, 0.9682410423452769, 0.01797842588893328], "12": [3.31350040435791, 0.9832201358369956, 0.994991652754591, 0.9706840390879479, 0.016779864163004393], "13": [2.5742881298065186, 0.9848182181382341, 0.9950083194675541, 0.9739413680781759, 0.015181781861765881], "14": [2.5600826740264893, 0.9868158210147823, 0.9950289975144988, 0.9780130293159609, 0.013184178985217739], "15": [2.5440940856933594, 0.9872153415900919, 0.9950331125827815, 0.9788273615635179, 0.01278465840990811], "16": [3.1350653171539307, 0.9880143827407112, 0.9966832504145937, 0.9788273615635179, 0.011985617259288853], "17": [3.247161626815796, 0.9888134238913304, 0.9966887417218543, 0.9804560260586319, 0.011186576108669596], "18": [2.573892116546631, 0.9904115061925689, 0.9975206611570248, 0.9828990228013029, 0.009588493807431082], "19": [2.5633397102355957, 0.9916100679184978, 0.9975267930750206, 0.9853420195439739, 0.008389932081502197], "20": [2.5599725246429443, 0.9924091090691171, 0.998351195383347, 0.9861563517915309, 0.0075908909308829405], "21": [3.1375958919525146, 0.993607670795046, 0.9983552631578947, 0.988599348534202, 0.006392329204954055], "22": [3.4059011936187744, 0.993607670795046, 0.9983552631578947, 0.988599348534202, 0.006392329204954055], "23": [2.5389633178710938, 0.9944067119456652, 0.9983579638752053, 0.990228013029316, 0.005593288054334798], "24": [2.552243232727051, 0.9952057530962845, 0.9991789819376026, 0.991042345276873, 0.004794246903715541], "25": [2.5604422092437744, 0.9960047942469037, 0.9991803278688525, 0.992671009771987, 0.003995205753096284], "26": [2.8969802856445312, 0.9960047942469037, 0.9991803278688525, 0.992671009771987, 0.003995205753096284], "27": [3.564208507537842, 0.9964043148222134, 0.9991809991809992, 0.993485342019544, 0.003595685177786656], "28": [2.5190999507904053, 0.9964043148222134, 0.9991809991809992, 0.993485342019544, 0.003595685177786656], "29": [2.518247127532959, 0.9968038353975229, 0.9991816693944353, 0.994299674267101, 0.0031961646024770275], "30": [2.5700132846832275, 0.9968038353975229, 0.9991816693944353, 0.994299674267101, 0.0031961646024770275], "31": [2.850496768951416, 0.9972033559728326, 0.9991823385118561, 0.995114006514658, 0.002796644027167399], "32": [3.4888041019439697, 0.9988014382740711, 1.0, 0.997557003257329, 0.0011985617259288853], "33": [2.5285794734954834, 0.9988014382740711, 1.0, 0.997557003257329, 0.0011985617259288853], "34": [2.5506515502929688, 0.9992009588493808, 1.0, 0.998371335504886, 0.0007990411506192569], "35": [2.5558979511260986, 0.9992009588493808, 1.0, 0.998371335504886, 0.0007990411506192569], "36": [2.5717685222625732, 0.9992009588493808, 1.0, 0.998371335504886, 0.0007990411506192569], "37": [3.409512996673584, 0.9996004794246903, 1.0, 0.999185667752443, 0.00039952057530962844], "38": [2.5179436206817627, 0.9996004794246903, 1.0, 0.999185667752443, 0.00039952057530962844], "39": [2.5024240016937256, 0.9996004794246903, 1.0, 0.999185667752443, 0.00039952057530962844], "40": [2.5055992603302, 0.9996004794246903, 1.0, 0.999185667752443, 0.00039952057530962844], "41": [2.490603446960449, 0.9996004794246903, 1.0, 0.999185667752443, 0.00039952057530962844], "42": [3.781426191329956, 1.0, 1.0, 1.0, 0.0], "43": [2.5420477390289307, 1.0, 1.0, 1.0, 0.0], "44": [2.540116786956787, 1.0, 1.0, 1.0, 0.0], "45": [2.447514295578003, 1.0, 1.0, 1.0, 0.0], "46": [2.49609637260437, 1.0, 1.0, 1.0, 0.0], "47": [3.4199163913726807, 1.0, 1.0, 1.0, 0.0], "48": [3.201159715652466, 1.0, 1.0, 1.0, 0.0], "49": [2.4177043437957764, 1.0, 1.0, 1.0, 0.0], "50": [2.462404489517212, 1.0, 1.0, 1.0, 0.0]}, "4": {"1": [3.538226842880249, 0.9692369157011587, 0.9923011120615911, 0.9446254071661238, 0.03076308429884139], "2": [4.51224684715271, 0.9704354774270875, 0.992320819112628, 0.9470684039087948, 0.029564522572912505], "3": [3.6267573833465576, 0.9732321214542549, 0.9940425531914894, 0.9511400651465798, 0.026767878545745107], "4": [3.653043270111084, 0.9748302037554935, 0.9940627650551315, 0.9543973941368078, 0.025169796244506593], "5": [3.5797252655029297, 0.9756292449061127, 0.9940728196443692, 0.9560260586319218, 0.024370755093887336], "6": [4.586612939834595, 0.9772273272073512, 0.9940928270042194, 0.9592833876221498, 0.022772672792648822], "7": [3.5626888275146484, 0.9784258889332801, 0.9941077441077442, 0.9617263843648208, 0.021574111066719935], "8": [3.6094682216644287, 0.9800239712345186, 0.9957912457912458, 0.9633550488599348, 0.01997602876548142], "9": [3.810575008392334, 0.981622053535757, 0.9958053691275168, 0.9666123778501629, 0.018377946464242907], "10": [4.283873796463013, 0.9820215741110667, 0.9958088851634534, 0.9674267100977199, 0.01797842588893328], "11": [4.2023725509643555, 0.9836196564123052, 0.9958228905597326, 0.9706840390879479, 0.016380343587694766], "12": [3.6457855701446533, 0.9836196564123052, 0.9958228905597326, 0.9706840390879479, 0.016380343587694766], "13": [4.587189435958862, 0.9852177387135438, 0.9966638865721434, 0.9731270358306189, 0.014782261286456252], "14": [3.5651752948760986, 0.9856172592888534, 0.9966666666666667, 0.9739413680781759, 0.014382740711146624], "15": [3.6073334217071533, 0.9872153415900919, 0.9983333333333333, 0.9755700325732899, 0.01278465840990811], "16": [3.644536018371582, 0.9900119856172593, 0.9983429991714996, 0.9812703583061889, 0.00998801438274071], "17": [4.590321063995361, 0.9904115061925689, 0.9983443708609272, 0.9820846905537459, 0.009588493807431082], "18": [3.5788581371307373, 0.9912105473431881, 0.9983471074380166, 0.9837133550488599, 0.008789452656811825], "19": [3.609962224960327, 0.9912105473431881, 0.9983471074380166, 0.9837133550488599, 0.008789452656811825], "20": [4.085039377212524, 0.9932081502197363, 0.9983539094650206, 0.987785016286645, 0.0067918497802636835], "21": [4.025772571563721, 0.9944067119456652, 0.9983579638752053, 0.990228013029316, 0.005593288054334798], "22": [3.6308109760284424, 0.9948062325209748, 0.9983593109105825, 0.991042345276873, 0.0051937674790251695], "23": [3.624462127685547, 0.9956052736715941, 0.9991796554552912, 0.99185667752443, 0.0043947263284059125], "24": [4.546346426010132, 0.9964043148222134, 0.9991809991809992, 0.993485342019544, 0.003595685177786656], "25": [3.67535662651062, 0.9964043148222134, 0.9991809991809992, 0.993485342019544, 0.003595685177786656], "26": [3.6259028911590576, 0.9968038353975229, 0.9991816693944353, 0.994299674267101, 0.0031961646024770275], "27": [3.663383722305298, 0.9968038353975229, 0.9991816693944353, 0.994299674267101, 0.0031961646024770275], "28": [4.516631364822388, 0.9968038353975229, 0.9991816693944353, 0.994299674267101, 0.0031961646024770275], "29": [3.6594738960266113, 0.9972033559728326, 0.9991823385118561, 0.995114006514658, 0.002796644027167399],